station,total_bikes,review_count,rating,popularity,price
0.0,78.0,258.30232558139534,7.1089552238805975,0.9620989010989012,2.1293103448275863
1.0,62.0,382.6111111111111,7.242857142857143,0.9553888888888888,2.257142857142857
2.0,55.0,291.7567567567568,7.2921875,0.9733956043956044,2.0
3.0,50.0,31.15,5.411764705882353,0.8686250000000001,1.5384615384615385
4.0,48.0,282.625,6.932835820895522,0.9752765957446808,1.95
5.0,47.0,465.1818181818182,7.254411764705883,0.9667087378640776,2.0393700787401574
6.0,47.0,247.06666666666666,6.98141592920354,0.9683295454545454,1.9879518072289157
7.0,46.0,293.0731707317073,6.874242424242424,0.9751648351648351,2.0
8.0,46.0,201.6,7.241538461538461,0.9713578947368421,1.882882882882883
9.0,45.0,271.1,7.021212121212121,0.9758804347826086,2.0
10.0,45.0,282.5483870967742,7.152713178294574,0.9701020408163264,1.9736842105263157
11.0,43.0,315.07894736842104,7.3015384615384615,0.97425,2.0
12.0,41.0,61.285714285714285,6.839240506329113,0.8913125000000001,1.6989247311827957
13.0,41.0,200.35135135135135,7.190225563909774,0.9702395833333334,1.875
14.0,39.0,342.275,6.978571428571429,0.9624835164835165,1.963302752293578
15.0,39.0,237.92857142857142,7.028368794326241,0.9766262626262625,1.8888888888888888
16.0,39.0,331.24242424242425,7.618493150684931,0.9421327433628318,1.593984962406015
17.0,38.0,297.44736842105266,7.004651162790698,0.9757912087912087,1.9391304347826086
18.0,38.0,34.857142857142854,6.142647058823529,0.7914307692307692,1.641025641025641
19.0,38.0,314.3243243243243,7.135074626865672,0.9738144329896906,1.956896551724138
20.0,38.0,4.875,3.96875,0.614,2.0
21.0,37.0,82.38461538461539,7.130232558139535,0.9302872340425532,1.6416666666666666
22.0,37.0,323.1470588235294,7.304379562043796,0.9543980582524272,1.8943089430894309
23.0,36.0,494.125,7.341463414634147,0.9455922330097087,1.6440677966101696
24.0,36.0,309.2307692307692,7.053731343283583,0.976378947368421,1.8632478632478633
25.0,36.0,267.4864864864865,7.328030303030303,0.9606631578947368,2.0948275862068964
26.0,35.0,272.24444444444447,6.930281690140845,0.977659793814433,1.8492063492063493
27.0,35.0,556.8125,7.2973684210526315,0.9602424242424241,1.8181818181818181
28.0,35.0,110.85185185185185,6.389772727272727,0.9192911392405063,1.903225806451613
29.0,35.0,284.45238095238096,6.919402985074627,0.9748586956521739,2.025
30.0,35.0,54.48,5.701923076923077,0.8062340425531915,1.6271186440677967
31.0,34.0,45.03333333333333,5.4750000000000005,0.8748461538461538,1.6666666666666667
32.0,34.0,9.909090909090908,4.125925925925926,0.9486000000000001,2.3
33.0,34.0,288.7368421052632,6.976744186046512,0.97610989010989,1.9380530973451326
34.0,34.0,208.0,6.75578947368421,0.9662022471910113,1.5212765957446808
35.0,34.0,230.47058823529412,7.570394736842106,0.9438644067796611,1.6319444444444444
36.0,34.0,243.1904761904762,6.927536231884058,0.9740624999999999,1.9666666666666666
37.0,34.0,97.44444444444444,6.194285714285715,0.770551724137931,1.8625
38.0,34.0,1.7142857142857142,4.7475000000000005,0.8486666666666666,1.2093023255813953
39.0,33.0,192.54545454545453,6.563157894736842,0.9341851851851851,1.8431372549019607
40.0,33.0,436.1111111111111,7.108870967741935,0.9524318181818181,2.3823529411764706
41.0,33.0,389.5135135135135,7.316,0.9741022727272728,1.970873786407767
42.0,33.0,347.97297297297297,7.083846153846154,0.9685161290322581,1.8636363636363635
43.0,33.0,164.5142857142857,7.501379310344828,0.9426727272727273,1.6564885496183206
44.0,33.0,39.15151515151515,5.474626865671642,0.8353392857142856,1.6065573770491803
45.0,32.0,399.35714285714283,7.101459854014599,0.9754842105263157,1.9669421487603307
46.0,32.0,2.0,5.266666666666667,0.9544,1.3333333333333333
47.0,32.0,57.44,7.013253012048193,0.9347386363636364,1.896551724137931
48.0,32.0,9.655172413793103,4.589130434782609,0.8300689655172413,1.631578947368421
49.0,32.0,252.64864864864865,7.317692307692307,0.9739032258064515,1.9134615384615385
50.0,32.0,272.24444444444447,6.930281690140845,0.977659793814433,1.8492063492063493
51.0,31.0,297.10526315789474,7.118939393939394,0.9770212765957447,1.8728813559322033
52.0,31.0,22.70967741935484,5.918840579710144,0.8588923076923076,1.6395348837209303
53.0,31.0,257.7741935483871,7.396875,0.973298969072165,1.7904761904761906
54.0,31.0,478.93333333333334,7.516417910447761,0.9445576923076923,1.7578125
55.0,31.0,7.708333333333333,4.575,0.9674285714285714,2.375
56.0,31.0,40.05555555555556,5.450769230769231,0.8286326530612245,1.603448275862069
57.0,31.0,110.75862068965517,6.677477477477478,0.9254130434782609,1.883495145631068
58.0,31.0,87.075,7.125531914893617,0.9389900990099009,1.7704918032786885
59.0,31.0,50.888888888888886,6.414864864864865,0.8526176470588236,1.719298245614035
60.0,31.0,189.85185185185185,7.380487804878048,0.9697916666666666,1.8415841584158417
61.0,31.0,14.058823529411764,5.7627906976744185,0.7649038461538461,1.6170212765957446
62.0,31.0,285.2972972972973,7.041221374045802,0.9757553191489362,1.8839285714285714
63.0,31.0,254.95238095238096,6.8733812949640285,0.9729381443298969,1.8951612903225807
64.0,31.0,59.77272727272727,7.190322580645161,0.9195280898876403,1.64
65.0,31.0,432.5128205128205,7.206716417910448,0.9741894736842105,1.991869918699187
66.0,31.0,302.3157894736842,7.061240310077519,0.9766043956043956,1.9217391304347826
67.0,31.0,229.4857142857143,7.004411764705883,0.9695742574257425,1.859504132231405
68.0,31.0,55.84848484848485,6.427160493827161,0.9096249999999999,1.8854166666666667
69.0,31.0,182.5483870967742,6.527710843373494,0.9054027777777777,1.797872340425532
70.0,31.0,136.75757575757575,7.361313868613139,0.93825,1.865546218487395
71.0,31.0,46.407407407407405,5.5152542372881355,0.8598730158730158,1.6428571428571428
72.0,30.0,142.51724137931035,7.462595419847329,0.9387745098039215,1.606837606837607
73.0,30.0,121.60606060606061,6.69438202247191,0.9380117647058823,1.9622641509433962
74.0,30.0,403.37142857142857,7.4067669172932336,0.9578673469387755,2.1271186440677967
75.0,30.0,86.59375,7.4073529411764705,0.9394423076923076,1.7699115044247788
76.0,30.0,527.3823529411765,7.527777777777778,0.9471545454545455,1.7205882352941178
77.0,30.0,62.47222222222222,5.643076923076923,0.8170566037735849,1.6575342465753424
78.0,30.0,139.71875,6.794680851063831,0.9491219512195123,2.0594059405940595
79.0,30.0,294.6666666666667,7.055038759689922,0.9566041666666667,2.0088495575221237
80.0,30.0,218.61111111111111,7.194814814814815,0.9610606060606061,1.91869918699187
81.0,29.0,371.51851851851853,7.41484375,0.9408316831683169,1.626086956521739
82.0,29.0,433.3529411764706,7.436885245901639,0.971375,2.0
83.0,29.0,292.46875,7.41925925925926,0.9349417475728156,1.576271186440678
84.0,29.0,84.96,6.877215189873417,0.9130410958904109,1.6666666666666667
85.0,29.0,140.62962962962962,7.189256198347107,0.92846875,1.7105263157894737
86.0,29.0,246.0,7.322900763358779,0.97148,1.8407079646017699
87.0,29.0,7.75,4.883636363636364,0.8523658536585367,1.3333333333333333
88.0,29.0,239.10526315789474,6.987878787878787,0.9717446808510638,1.8803418803418803
89.0,29.0,205.58823529411765,6.899159663865547,0.9765411764705882,1.7777777777777777
90.0,28.0,279.0263157894737,6.90078125,0.975511111111111,1.9130434782608696
91.0,28.0,91.8108108108108,6.4906779661016945,0.9237362637362637,1.8867924528301887
92.0,28.0,416.61764705882354,7.381666666666666,0.9722325581395348,2.080808080808081
93.0,28.0,11.4,4.135294117647058,0.60065,1.5
94.0,28.0,16.06451612903226,5.350847457627118,0.859235294117647,1.7903225806451613
95.0,28.0,380.04,7.3186991869918705,0.936908163265306,1.7256637168141593
96.0,28.0,30.863636363636363,5.790909090909091,0.7956888888888888,1.5833333333333333
97.0,28.0,22.571428571428573,5.5017543859649125,0.8725555555555556,1.46875
98.0,27.0,4.351351351351352,4.709433962264151,0.7304,1.4827586206896552
99.0,27.0,11.791666666666666,4.922580645161291,0.7522352941176471,1.5
100.0,27.0,290.1025641025641,7.100751879699248,0.9753617021276596,1.9583333333333333
101.0,27.0,17.12,5.771111111111111,0.78964,1.530612244897959
102.0,27.0,371.1666666666667,7.406521739130435,0.9547777777777777,1.8790322580645162
103.0,27.0,278.8536585365854,6.844961240310077,0.9755909090909092,1.9736842105263157
104.0,27.0,254.37209302325581,6.895652173913044,0.9743263157894736,1.9256198347107438
105.0,27.0,283.8181818181818,7.197520661157025,0.9709772727272727,2.0606060606060606
106.0,27.0,153.7,6.721212121212121,0.9569418604651162,1.9191919191919191
107.0,27.0,210.34285714285716,6.957364341085271,0.9546382978723404,2.0530973451327434
108.0,27.0,14.785714285714286,5.708333333333333,0.8593857142857142,1.5058823529411764
109.0,27.0,285.59090909090907,6.931159420289855,0.9752978723404255,1.884297520661157
110.0,27.0,16.454545454545453,4.9,0.7771724137931034,1.3529411764705883
111.0,27.0,58.5,6.471212121212122,0.8862923076923077,1.7272727272727273
112.0,27.0,242.325,7.074436090225563,0.9755806451612903,1.8632478632478633
113.0,27.0,60.785714285714285,6.044444444444444,0.8213170731707317,1.7142857142857142
114.0,27.0,296.575,7.062686567164179,0.976436170212766,1.9666666666666666
115.0,27.0,408.2857142857143,7.303968253968254,0.9734505494505495,2.090909090909091
116.0,27.0,284.12820512820514,7.136029411764706,0.9755670103092783,1.8709677419354838
117.0,27.0,76.56410256410257,7.0804347826086955,0.9379306930693069,1.8387096774193548
118.0,27.0,233.53333333333333,7.255737704918033,0.9771086956521738,1.7425742574257426
119.0,27.0,12.151515151515152,4.662790697674419,0.7810666666666666,1.6842105263157894
120.0,27.0,6.090909090909091,4.62,0.6899375,1.763157894736842
121.0,27.0,109.0,6.402777777777778,0.8128857142857143,1.7906976744186047
122.0,27.0,58.91891891891892,6.01,0.7633050847457626,1.8311688311688312
123.0,27.0,9.892857142857142,4.613333333333333,0.8300689655172413,1.631578947368421
124.0,27.0,203.64705882352942,7.27593984962406,0.9652828282828283,1.9322033898305084
125.0,27.0,59.76,6.561538461538461,0.8895757575757576,1.7662337662337662
126.0,27.0,36.6,4.945652173913044,0.7857777777777778,1.6515151515151516
127.0,26.0,13.71875,5.576190476190477,0.8539846153846153,1.4146341463414633
128.0,26.0,33.5,6.363636363636363,0.8680975609756097,1.5909090909090908
129.0,26.0,247.43333333333334,7.456779661016949,0.9730113636363636,1.8333333333333333
130.0,26.0,52.58064516129032,5.481967213114753,0.8340188679245284,1.565217391304348
131.0,26.0,310.6190476190476,7.072477064220183,0.966090909090909,1.6597938144329898
132.0,26.0,279.8205128205128,7.207462686567164,0.975,1.9831932773109244
133.0,26.0,22.486486486486488,5.747142857142857,0.873015625,1.5617977528089888
134.0,26.0,184.8181818181818,7.267424242424242,0.9665656565656565,1.9107142857142858
135.0,26.0,4.15,5.1000000000000005,0.8174444444444445,1.3793103448275863
136.0,26.0,245.0,6.95625,0.9782795698924731,1.7641509433962264
137.0,26.0,9.344827586206897,5.111538461538462,0.944578947368421,1.4821428571428572
138.0,26.0,101.875,7.030827067669173,0.9505247524752475,2.0
139.0,26.0,333.7931034482759,7.738620689655172,0.9446810344827586,1.626865671641791
140.0,26.0,21.5,5.727118644067796,0.8292903225806451,1.5483870967741935
141.0,26.0,324.3030303030303,7.061313868613139,0.9538461538461539,1.9915254237288136
142.0,26.0,32.785714285714285,5.4381818181818184,0.7753934426229508,1.5454545454545454
143.0,26.0,35.925925925925924,5.893103448275863,0.8671666666666666,1.4675324675324675
144.0,26.0,223.92307692307693,7.376666666666667,0.9691489361702127,1.892156862745098
145.0,26.0,14.535714285714286,4.397435897435898,0.6843214285714286,1.697674418604651
146.0,26.0,157.9090909090909,6.939166666666667,0.9647356321839081,1.98
147.0,26.0,23.0,4.965853658536585,0.8965681818181818,1.1764705882352942
148.0,26.0,38.96875,6.247222222222223,0.8622580645161291,1.6790123456790123
149.0,26.0,9.6875,5.58125,0.7930357142857142,1.5666666666666667
150.0,26.0,10.071428571428571,5.495833333333334,0.9352857142857143,1.35
151.0,26.0,198.55555555555554,7.1503875968992245,0.9701397849462365,1.8785046728971964
152.0,25.0,31.76,6.177777777777778,0.8525151515151514,1.6307692307692307
153.0,25.0,307.6578947368421,7.417218543046357,0.9386902654867257,1.5909090909090908
154.0,25.0,20.0,6.015,0.7956458333333334,1.5333333333333334
155.0,25.0,27.25,5.48125,0.7929459459459459,1.6808510638297873
156.0,25.0,40.25925925925926,5.294117647058823,0.9068536585365853,1.5416666666666667
157.0,25.0,28.4375,6.092307692307692,0.8482456140350877,1.7285714285714286
158.0,25.0,9.625,4.044444444444444,0.625235294117647,1.5
159.0,25.0,110.43243243243244,6.622549019607843,0.9093707865168539,1.7037037037037037
160.0,25.0,9.846153846153847,5.413333333333333,0.8172333333333334,1.7708333333333333
161.0,25.0,10.157894736842104,5.042857142857143,0.9206,1.3846153846153846
162.0,25.0,70.8529411764706,6.876363636363636,0.9386444444444444,1.8181818181818181
163.0,25.0,234.10256410256412,6.9585185185185185,0.976375,1.9130434782608696
164.0,25.0,356.64516129032256,7.245652173913044,0.9584537037037036,1.8854961832061068
165.0,25.0,31.794117647058822,5.6875,0.8414098360655737,1.5070422535211268
166.0,25.0,308.45454545454544,7.206060606060606,0.9621515151515152,1.9059829059829059
167.0,25.0,58.3125,5.809090909090909,0.8247407407407408,1.588235294117647
168.0,25.0,180.1764705882353,6.638372093023255,0.8400526315789474,2.0
169.0,25.0,125.05882352941177,6.989915966386555,0.9143473684210526,1.7043478260869565
170.0,25.0,57.766666666666666,5.664179104477612,0.8570923076923077,1.6493506493506493
171.0,25.0,133.14285714285714,7.255263157894737,0.9376078431372549,1.8454545454545455
172.0,24.0,4.944444444444445,4.365384615384615,0.69196,1.606060606060606
173.0,24.0,396.32,7.340495867768595,0.9544895833333333,2.091743119266055
174.0,24.0,337.86486486486484,7.388275862068965,0.9389722222222223,1.6124031007751938
175.0,24.0,8.433333333333334,4.976744186046512,0.8227,1.6578947368421053
176.0,24.0,220.80769230769232,7.295726495726496,0.9707472527472527,1.7755102040816326
177.0,24.0,95.97297297297297,7.204379562043796,0.94006,1.7457627118644068
178.0,24.0,303.6470588235294,7.193893129770992,0.9745773195876288,1.9333333333333333
179.0,24.0,3.6666666666666665,4.066666666666666,0.9916666666666667,1.3333333333333333
180.0,24.0,113.53125,7.012121212121213,0.9017472527472528,1.81651376146789
181.0,24.0,208.91176470588235,7.118399999999999,0.9753516483516484,1.85
182.0,24.0,34.645161290322584,5.016666666666667,0.7810454545454545,1.619047619047619
183.0,23.0,26.925925925925927,5.094736842105263,0.8308444444444444,1.5357142857142858
184.0,23.0,142.5,6.786458333333333,0.9128488372093023,1.9469026548672566
185.0,23.0,38.74074074074074,6.668493150684932,0.8681323529411765,1.4367816091954022
186.0,23.0,411.2,7.430252100840336,0.9635730337078651,2.01
187.0,23.0,86.57894736842105,7.298571428571428,0.9390980392156862,1.7542372881355932
188.0,23.0,12.4,5.07719298245614,0.866,1.6595744680851063
189.0,23.0,25.03125,5.729411764705882,0.8457205882352942,1.5526315789473684
190.0,23.0,3.2142857142857144,4.300000000000001,0.7955853658536586,1.4390243902439024
191.0,23.0,8.970588235294118,4.75,0.6613783783783784,1.3170731707317074
192.0,23.0,5.967741935483871,5.065909090909091,0.737,1.4545454545454546
193.0,23.0,56.17391304347826,6.795384615384616,0.9385230769230769,1.64
194.0,23.0,170.11764705882354,6.562790697674418,0.8577974683544303,1.8673469387755102
195.0,23.0,9.392857142857142,5.325581395348837,0.8153888888888888,1.574468085106383
196.0,23.0,182.23529411764707,6.640625,0.8892749999999999,1.7358490566037736
197.0,23.0,30.86111111111111,5.5765625,0.840017857142857,1.4861111111111112
198.0,23.0,8.733333333333333,4.709615384615384,0.8576326530612245,1.75
199.0,23.0,102.03030303030303,7.0203007518797,0.9514,1.962962962962963
200.0,23.0,118.48484848484848,6.702352941176471,0.8743908045977011,1.9603960396039604
201.0,23.0,8.785714285714286,5.1952380952380945,0.7042592592592593,1.7
202.0,23.0,26.62962962962963,5.528,0.8158837209302325,1.6170212765957446
203.0,23.0,309.02564102564105,7.084090909090909,0.9754086021505376,1.8695652173913044
204.0,23.0,246.7948717948718,6.970769230769231,0.9752747252747253,1.871559633027523
205.0,23.0,134.0,7.3823943661971825,0.9391944444444446,1.72
206.0,23.0,46.411764705882355,5.665217391304347,0.8676065573770492,1.52
207.0,23.0,103.5,6.640677966101695,0.8377258064516129,1.9324324324324325
208.0,23.0,31.22222222222222,5.374468085106383,0.8756052631578948,1.6363636363636365
209.0,23.0,114.03030303030303,6.72,0.9502580645161289,1.9732142857142858
210.0,23.0,276.28205128205127,7.250387596899224,0.9694888888888887,2.046728971962617
211.0,23.0,43.892857142857146,5.452941176470588,0.8520816326530612,1.537313432835821
212.0,23.0,36.666666666666664,5.861818181818181,0.9052291666666666,1.509433962264151
213.0,23.0,64.38709677419355,7.208849557522124,0.9422258064516128,1.709090909090909
214.0,23.0,266.3,7.14920634920635,0.9695581395348836,2.105769230769231
215.0,23.0,243.03571428571428,7.08252427184466,0.9188064516129032,1.6181818181818182
216.0,23.0,388.56666666666666,7.326470588235294,0.9495754716981132,1.784
217.0,23.0,253.07894736842104,6.983969465648855,0.9688387096774194,1.8362068965517242
218.0,23.0,274.97297297297297,7.02578125,0.9644945054945054,2.037037037037037
219.0,23.0,35.96153846153846,5.246511627906977,0.8326363636363636,1.4074074074074074
220.0,23.0,535.7575757575758,7.3808510638297875,0.9497222222222221,1.7463768115942029
221.0,23.0,371.969696969697,7.505405405405405,0.9441565217391304,1.7205882352941178
222.0,23.0,7.611111111111111,5.324137931034483,0.760095238095238,1.6333333333333333
223.0,23.0,5.428571428571429,4.972881355932203,0.7535918367346939,1.4146341463414633
224.0,23.0,95.34375,7.144,0.936252427184466,1.728813559322034
225.0,23.0,156.14285714285714,7.709929078014183,0.940141592920354,1.621212121212121
226.0,23.0,172.38709677419354,6.777380952380952,0.8772839506172839,1.891089108910891
227.0,23.0,4.666666666666667,5.511475409836065,0.7988360655737705,1.9807692307692308
228.0,23.0,30.22222222222222,6.625,0.866,1.4507042253521127
229.0,23.0,224.43243243243242,6.879069767441861,0.9695217391304347,1.8448275862068966
230.0,23.0,312.27272727272725,7.651351351351352,0.9445826086956521,1.6742424242424243
231.0,23.0,169.25925925925927,7.016379310344828,0.9610108695652173,1.9285714285714286
232.0,23.0,92.9375,6.9676470588235295,0.9169431818181818,1.8627450980392157
233.0,23.0,56.28125,7.1956140350877185,0.9278736842105263,1.6160714285714286
234.0,23.0,270.0,6.879069767441861,0.9641764705882353,1.471264367816092
235.0,23.0,210.9,6.9760330578512395,0.9678804347826088,2.0085470085470085
236.0,23.0,105.36363636363636,7.148039215686275,0.9642340425531913,1.96875
237.0,23.0,16.523809523809526,3.8095238095238093,0.647076923076923,1.7647058823529411
238.0,23.0,83.05714285714286,7.1740458015267174,0.9399795918367346,1.7008547008547008
239.0,23.0,235.0,7.268750000000001,0.9359909090909091,1.6307692307692307
240.0,23.0,389.1714285714286,7.271538461538461,0.9707789473684211,2.0707964601769913
241.0,23.0,334.4230769230769,7.761428571428571,0.9395526315789473,1.5555555555555556
242.0,23.0,90.65625,6.2907692307692304,0.7821052631578947,1.9054054054054055
243.0,23.0,304.89285714285717,7.1384,0.9715567010309278,1.7521367521367521
244.0,23.0,220.40625,7.686577181208054,0.9424615384615385,1.5985401459854014
245.0,23.0,142.8846153846154,7.567910447761194,0.9379074074074074,1.6721311475409837
246.0,23.0,171.39285714285714,7.0089108910891085,0.947836956521739,2.0088495575221237
247.0,23.0,139.44444444444446,7.284507042253522,0.9384056603773585,1.7421875
248.0,23.0,178.1851851851852,7.733098591549295,0.9406608695652174,1.5846153846153845
249.0,23.0,19.857142857142858,5.827272727272728,0.6557142857142857,1.5666666666666667
250.0,23.0,155.3448275862069,7.683333333333333,0.9412477064220184,1.7045454545454546
251.0,23.0,147.0,7.628455284552845,0.9372307692307692,1.6126126126126126
252.0,22.0,97.38235294117646,7.238059701492537,0.94148,1.791304347826087
253.0,22.0,58.142857142857146,6.94264705882353,0.9120987654320987,1.7228915662650603
254.0,22.0,37.17857142857143,6.282191780821918,0.8518450704225352,1.72
255.0,22.0,394.8709677419355,7.196969696969697,0.9678712871287128,1.8956521739130434
256.0,22.0,57.69230769230769,6.142592592592592,0.781875,1.676056338028169
257.0,22.0,24.483870967741936,5.77936507936508,0.8613015873015873,1.5238095238095237
258.0,22.0,21.43243243243243,5.0,0.8007173913043478,1.6842105263157894
259.0,22.0,34.90625,6.173076923076923,0.852169014084507,1.7375
260.0,22.0,25.0,5.9,0.7915,1.7358490566037736
261.0,22.0,344.3888888888889,7.277380952380952,0.8966741573033709,1.6931818181818181
262.0,22.0,421.9189189189189,7.226771653543307,0.973388888888889,2.056603773584906
263.0,22.0,26.96,5.93,0.8048888888888889,1.7755102040816326
264.0,22.0,101.42307692307692,6.324242424242424,0.871530303030303,1.7951807228915662
265.0,22.0,3.5789473684210527,4.243333333333333,0.9329999999999999,1.5483870967741935
266.0,22.0,34.303030303030305,6.07037037037037,0.8523013698630136,1.6585365853658536
267.0,22.0,180.0,7.62987012987013,0.9444705882352941,1.6595744680851063
268.0,22.0,66.96428571428571,7.066666666666667,0.9311379310344827,1.693069306930693
269.0,22.0,136.3939393939394,6.596511627906977,0.9247466666666666,1.9081632653061225
270.0,22.0,186.0857142857143,6.553333333333333,0.8965064935064936,1.93
271.0,22.0,300.56410256410254,7.086567164179105,0.9767894736842105,1.9166666666666667
272.0,22.0,9.424242424242424,4.133333333333333,0.7520833333333333,1.2258064516129032
273.0,22.0,74.575,6.377659574468085,0.8820759493670886,1.7373737373737375
274.0,22.0,159.14285714285714,7.4,0.9331981132075471,1.6991869918699187
275.0,22.0,16.7,4.814285714285715,0.7774736842105263,1.0
276.0,22.0,54.44,7.337254901960784,0.9043777777777778,1.595959595959596
277.0,22.0,5.8,4.25,0.7541111111111111,1.375
278.0,22.0,8.405405405405405,5.033333333333333,0.8229148936170213,1.6551724137931034
279.0,22.0,193.1875,7.291780821917808,0.9376805555555556,1.6790123456790123
280.0,22.0,39.24242424242424,5.702702702702703,0.801625,1.8045977011494252
281.0,22.0,245.4814814814815,7.1776,0.9707040816326531,1.820754716981132
282.0,22.0,224.61290322580646,7.019417475728155,0.8982666666666665,1.6261682242990654
283.0,22.0,230.56666666666666,6.785436893203883,0.9532325581395348,1.9363636363636363
284.0,22.0,26.555555555555557,5.3023255813953485,0.8233409090909091,1.5535714285714286
285.0,22.0,390.72972972972974,7.393877551020409,0.9511545454545454,1.7
286.0,22.0,8.291666666666666,4.519512195121951,0.8335666666666667,1.4705882352941178
287.0,22.0,290.05,7.0,0.9740105263157894,2.066666666666667
288.0,22.0,187.2,6.546341463414634,0.9040428571428571,1.7912087912087913
289.0,22.0,464.962962962963,7.017857142857143,0.9573260869565218,1.6601941747572815
290.0,22.0,40.08695652173913,5.845652173913043,0.8608775510204082,1.4745762711864407
291.0,22.0,30.724137931034484,6.085294117647059,0.8470289855072464,1.7123287671232876
292.0,22.0,161.29166666666666,7.6692307692307695,0.9324150943396227,1.537190082644628
293.0,22.0,45.810810810810814,5.614102564102564,0.8659714285714286,1.9550561797752808
294.0,22.0,34.916666666666664,6.096969696969697,0.8986181818181818,1.596774193548387
295.0,22.0,27.225806451612904,6.066666666666666,0.8542641509433961,1.710144927536232
296.0,22.0,31.774193548387096,6.1957746478873235,0.8053548387096775,1.7272727272727273
297.0,22.0,77.21951219512195,7.076923076923077,0.9375392156862745,1.8709677419354838
298.0,22.0,301.8,7.313571428571429,0.9347904761904763,1.6129032258064515
299.0,22.0,50.72727272727273,6.265384615384615,0.7959473684210526,1.5671641791044777
300.0,22.0,30.178571428571427,6.0946428571428575,0.8729322033898305,1.6338028169014085
301.0,22.0,196.44117647058823,6.986178861788617,0.9657078651685392,1.9523809523809523
302.0,22.0,371.8529411764706,7.3808,0.971197802197802,2.081818181818182
303.0,22.0,23.071428571428573,5.7,0.8284310344827586,1.462686567164179
304.0,22.0,78.05263157894737,7.163846153846153,0.9334210526315789,1.7043478260869565
305.0,22.0,370.55172413793105,7.056,0.9754791666666667,1.8389830508474576
306.0,22.0,313.06060606060606,7.571631205673758,0.9438425925925926,1.6796875
307.0,22.0,241.1851851851852,7.064077669902913,0.9053440860215054,1.6666666666666667
308.0,22.0,42.92,5.542000000000001,0.8446521739130435,1.564516129032258
309.0,22.0,49.9375,6.285915492957747,0.7819722222222222,1.6373626373626373
310.0,22.0,47.0,5.935897435897436,0.8454047619047619,1.7142857142857142
311.0,22.0,180.16,7.820863309352517,0.9405701754385964,1.6846153846153846
312.0,22.0,82.28205128205128,7.213768115942029,0.9395252525252525,1.6956521739130435
313.0,22.0,309.7878787878788,7.71025641025641,0.9420325203252032,1.5571428571428572
314.0,22.0,28.32,5.428260869565217,0.8378039215686275,1.3968253968253967
315.0,22.0,199.69565217391303,7.871126760563381,0.9420588235294118,1.549618320610687
316.0,22.0,13.333333333333334,4.565217391304348,0.8652222222222222,1.8235294117647058
317.0,22.0,5.631578947368421,4.476923076923077,0.7142142857142858,1.2380952380952381
318.0,22.0,47.857142857142854,5.469230769230769,0.7990384615384615,1.603448275862069
319.0,22.0,139.21212121212122,7.272535211267606,0.9372999999999999,1.6328125
320.0,22.0,23.258064516129032,5.505454545454546,0.8291818181818181,1.4657534246575343
321.0,22.0,8.88888888888889,5.478947368421053,0.8029333333333334,1.6470588235294117
322.0,21.0,39.375,5.522352941176471,0.8515671641791045,1.89010989010989
323.0,21.0,34.375,5.7984375,0.8641076923076924,1.48
324.0,21.0,50.827586206896555,5.99090909090909,0.8802096774193549,1.5
325.0,21.0,4.0,4.017142857142857,0.6825172413793104,1.4827586206896552
326.0,21.0,19.166666666666668,5.186538461538461,0.8714857142857143,1.75
327.0,21.0,190.21875,6.844554455445544,0.9473370786516854,1.8771929824561404
328.0,21.0,268.3529411764706,7.22803738317757,0.9696736842105264,1.7551020408163265
329.0,21.0,9.954545454545455,4.933333333333334,0.8886666666666667,1.8620689655172413
330.0,21.0,12.310344827586206,5.475438596491228,0.76496875,1.8656716417910448
331.0,21.0,4.869565217391305,4.059259259259259,0.6931999999999999,1.2857142857142858
332.0,21.0,176.0,7.777443609022557,0.9369009009009008,1.52
333.0,21.0,70.38461538461539,6.324324324324325,0.8569142857142857,1.45
334.0,21.0,291.53846153846155,6.9977099236641225,0.9742173913043478,2.0526315789473686
335.0,21.0,401.0,6.9931297709923665,0.9604848484848484,1.912
336.0,21.0,231.63333333333333,7.0590909090909095,0.9364731182795699,1.626086956521739
337.0,21.0,17.0,5.358139534883721,0.8443720930232558,1.56
338.0,21.0,3.9444444444444446,4.868965517241379,0.8192307692307692,1.3870967741935485
339.0,21.0,23.40740740740741,5.8125,0.78444,1.6206896551724137
340.0,21.0,93.61111111111111,7.192028985507246,0.9408039215686275,1.7142857142857142
341.0,21.0,10.7,4.817857142857143,0.6995,1.5
342.0,21.0,27.884615384615383,5.591489361702128,0.755425,1.6
343.0,21.0,150.71875,7.0643939393939394,0.9527599999999999,1.9739130434782608
344.0,21.0,5.538461538461538,5.041818181818182,0.8097317073170731,1.5384615384615385
345.0,21.0,10.933333333333334,5.552941176470589,0.812125,1.1290322580645162
346.0,21.0,118.48148148148148,7.523880597014926,0.937411214953271,1.5897435897435896
347.0,21.0,55.71875,6.516455696202531,0.8345066666666667,1.6153846153846154
348.0,21.0,452.3142857142857,7.402112676056338,0.9467663551401869,1.7173913043478262
349.0,21.0,5.5,4.727777777777778,0.71084,1.7333333333333334
350.0,21.0,352.25714285714287,7.183064516129033,0.961629213483146,2.1682242990654204
351.0,21.0,5.909090909090909,4.0249999999999995,0.69725,1.7272727272727273
352.0,21.0,65.54166666666667,6.286440677966102,0.8676140350877193,1.6857142857142857
353.0,20.0,61.833333333333336,6.197014925373134,0.8520327868852459,1.9390243902439024
354.0,20.0,289.125,7.051111111111111,0.9762105263157894,1.8135593220338984
355.0,20.0,377.5882352941176,7.576027397260273,0.9420535714285715,1.6222222222222222
356.0,20.0,35.0,6.243835616438356,0.8389402985074627,1.7466666666666666
357.0,20.0,173.61764705882354,7.549999999999999,0.9408611111111111,1.6307692307692307
358.0,20.0,18.766666666666666,4.928571428571429,0.8116249999999999,1.5076923076923077
359.0,20.0,31.137931034482758,6.5680000000000005,0.8142463768115942,1.5833333333333333
360.0,20.0,4.071428571428571,4.777777777777778,0.7210769230769232,1.4705882352941178
361.0,20.0,187.22222222222223,7.680000000000001,0.9385132743362833,1.544
362.0,20.0,4.321428571428571,3.8263157894736843,0.7452941176470588,1.4411764705882353
363.0,20.0,8.826086956521738,5.064864864864865,0.7672666666666667,1.5454545454545454
364.0,20.0,38.28125,5.372580645161291,0.8461818181818181,1.643835616438356
365.0,20.0,3.6,5.754545454545455,0.767375,1.3125
366.0,19.0,129.75,7.555223880597015,0.939688679245283,1.7244094488188977
367.0,19.0,81.05263157894737,6.990151515151515,0.93375,1.8403361344537814
368.0,19.0,54.208333333333336,5.974545454545455,0.8226666666666668,1.5147058823529411
369.0,19.0,8.914285714285715,5.163461538461538,0.7504545454545455,1.3695652173913044
370.0,19.0,409.9375,6.995833333333334,0.9572395833333333,1.8688524590163935
371.0,19.0,122.25,7.1296,0.9496185567010309,2.0545454545454547
372.0,19.0,55.861111111111114,5.450684931506849,0.83165,1.6231884057971016
373.0,19.0,84.20588235294117,7.32463768115942,0.9399230769230769,1.826086956521739
374.0,19.0,388.07142857142856,7.444776119402985,0.9416132075471697,1.65
375.0,19.0,38.88461538461539,5.724528301886792,0.8770408163265306,1.4912280701754386
376.0,19.0,10.517241379310345,5.23469387755102,0.7626744186046512,1.5185185185185186
377.0,19.0,76.07894736842105,7.092125984251969,0.9374574468085106,1.7758620689655173
378.0,19.0,52.40625,5.940789473684211,0.8623661971830986,1.4578313253012047
379.0,19.0,122.8529411764706,7.596026490066225,0.9417008547008547,1.6689655172413793
380.0,19.0,426.03125,7.471311475409836,0.9716888888888888,2.0961538461538463
381.0,19.0,2.0,5.122222222222223,0.8478333333333333,2.0
382.0,19.0,70.0,5.691666666666666,0.8386078431372549,1.4782608695652173
383.0,19.0,19.96,5.463829787234043,0.7748947368421053,1.511111111111111
384.0,19.0,375.7027027027027,7.059398496240601,0.9639479166666667,1.9416666666666667
385.0,19.0,11.72,4.035483870967742,0.6989677419354838,1.6511627906976745
386.0,19.0,28.53125,5.7634920634920634,0.7892745098039216,1.6865671641791045
387.0,19.0,171.88888888888889,6.947826086956522,0.9558395061728395,2.0721649484536084
388.0,19.0,33.04,6.375438596491228,0.8551935483870967,1.4936708860759493
389.0,19.0,194.14285714285714,6.6,0.9015875,1.941747572815534
390.0,19.0,26.233333333333334,5.777358490566037,0.8491020408163266,1.6153846153846154
391.0,19.0,21.653846153846153,5.800000000000001,0.7874313725490196,1.7321428571428572
392.0,19.0,5.05,5.345714285714285,0.879,1.4814814814814814
393.0,19.0,331.9310344827586,7.670629370629372,0.943938596491228,1.6917293233082706
394.0,19.0,338.5945945945946,7.33006993006993,0.9349528301886793,1.5511811023622046
395.0,19.0,54.275862068965516,6.326027397260274,0.8813333333333334,1.6704545454545454
396.0,19.0,7.793103448275862,5.438775510204081,0.8221142857142857,1.530612244897959
397.0,19.0,10.433333333333334,5.134090909090909,0.7176470588235294,1.6727272727272726
398.0,19.0,142.28571428571428,7.4,0.9384629629629629,1.8091603053435115
399.0,19.0,52.89655172413793,5.616666666666666,0.8254444444444444,1.6363636363636365
400.0,19.0,8.833333333333334,4.66,0.8243611111111111,1.125
401.0,19.0,21.0,5.245283018867925,0.8401249999999999,1.6607142857142858
402.0,19.0,230.12121212121212,7.01031746031746,0.9775268817204301,1.6851851851851851
403.0,19.0,35.16,5.630434782608695,0.8375106382978723,1.45
404.0,19.0,11.666666666666666,4.470000000000001,0.946,2.3333333333333335
405.0,19.0,1.8235294117647058,3.905,0.5818846153846153,1.3529411764705883
406.0,19.0,93.81346467588531,6.013653363422212,0.8575027757798274,1.652694486780816
407.0,19.0,31.8125,5.65483870967742,0.8689848484848485,1.4805194805194806
408.0,19.0,1.0,5.0,0.4537777777777777,1.1428571428571428
409.0,19.0,4.428571428571429,5.4222222222222225,0.854,1.3571428571428572
410.0,19.0,3.5,5.1,0.6513333333333333,1.25
411.0,19.0,30.4,6.197368421052632,0.860125,1.6233766233766234
412.0,19.0,300.56410256410254,7.086567164179105,0.9767894736842105,1.9166666666666667
413.0,19.0,13.4,5.561290322580645,0.8068666666666666,1.320754716981132
414.0,19.0,10.444444444444445,5.428813559322034,0.865974358974359,1.9333333333333333
415.0,19.0,3.3636363636363638,4.45625,0.719304347826087,1.368421052631579
416.0,19.0,80.38095238095238,6.3999999999999995,0.8801604938271606,1.7169811320754718
417.0,19.0,5.62962962962963,3.858064516129032,0.8372222222222222,1.72
418.0,19.0,11.125,4.9772727272727275,0.7731627906976745,1.4754098360655739
419.0,19.0,287.35897435897436,7.033088235294118,0.9721443298969072,2.0081967213114753
420.0,19.0,3.8333333333333335,4.502941176470588,0.808925,1.3
421.0,19.0,179.66666666666666,6.767021276595745,0.8831341463414635,1.6666666666666667
422.0,19.0,46.473684210526315,5.756410256410256,0.7806052631578947,1.5833333333333333
423.0,19.0,2.966666666666667,4.745652173913044,0.8381304347826087,1.255813953488372
424.0,19.0,414.4166666666667,7.32093023255814,0.9753440860215054,2.0707964601769913
425.0,19.0,336.780487804878,7.015384615384615,0.9693823529411765,1.9328358208955223
426.0,19.0,51.48,5.762711864406779,0.8303396226415095,1.8095238095238095
427.0,19.0,4.884615384615385,5.495,0.7988360655737705,1.9807692307692308
428.0,19.0,26.266666666666666,5.9671875,0.8577205882352941,1.528735632183908
429.0,19.0,5.035714285714286,5.136734693877551,0.826170731707317,1.653061224489796
430.0,19.0,10.5625,5.655555555555556,0.8006333333333333,1.984375
431.0,19.0,179.59259259259258,7.518656716417911,0.9328240740740741,1.5793650793650793
432.0,19.0,198.85185185185185,7.130693069306931,0.9472258064516129,1.990990990990991
433.0,19.0,139.21212121212122,7.346666666666667,0.939078431372549,1.7622950819672132
434.0,19.0,442.8,7.263063063063063,0.9448241758241758,1.7383177570093458
435.0,19.0,44.6,5.6739999999999995,0.8592000000000001,1.4821428571428572
436.0,19.0,39.19230769230769,5.095348837209302,0.8570294117647058,1.5789473684210527
437.0,19.0,467.1111111111111,7.295890410958904,0.9554727272727274,1.8676470588235294
438.0,19.0,14.15625,5.662121212121212,0.8619565217391305,1.4545454545454546
439.0,19.0,77.27777777777777,6.484,0.8695686274509804,1.3898305084745763
440.0,19.0,34.903225806451616,6.277380952380952,0.8633421052631579,1.6705882352941177
441.0,19.0,4.235294117647059,3.8529411764705883,0.5766,1.9285714285714286
442.0,19.0,6.108108108108108,4.682456140350877,0.7922432432432432,1.6346153846153846
443.0,19.0,6.852941176470588,4.840350877192982,0.8291521739130434,1.719298245614035
444.0,19.0,370.0689655172414,7.439705882352941,0.9381495327102805,1.6147540983606556
445.0,19.0,8.9,4.718,0.8570212765957447,1.7796610169491525
446.0,19.0,8.35,4.036363636363636,0.8632,1.4090909090909092
447.0,19.0,15.272727272727273,5.7075471698113205,0.7988409090909091,1.7346938775510203
448.0,19.0,7.7,5.754545454545455,0.7670227272727274,1.625
449.0,19.0,41.476190476190474,6.072307692307692,0.8544444444444443,1.5890410958904109
450.0,19.0,4.375,4.133333333333334,0.755,1.6071428571428572
451.0,19.0,201.53333333333333,6.873333333333334,0.892,1.6868686868686869
452.0,19.0,4.730769230769231,4.579411764705882,0.7773333333333333,1.2666666666666666
453.0,19.0,32.45454545454545,5.786153846153846,0.8626031746031746,1.4736842105263157
454.0,19.0,32.8235294117647,5.706153846153846,0.85865,1.4936708860759493
455.0,19.0,68.55555555555556,6.839622641509434,0.8443448275862069,1.5714285714285714
456.0,19.0,174.77777777777777,6.503370786516854,0.8766184210526317,1.93
457.0,19.0,4.5,5.9799999999999995,0.8699,1.6666666666666667
458.0,19.0,183.67857142857142,7.587407407407407,0.9395607476635515,1.6356589147286822
459.0,19.0,21.666666666666668,5.306349206349206,0.86726,1.4927536231884058
460.0,19.0,10.65625,4.704878048780488,0.749275,1.5272727272727273
461.0,19.0,4.451612903225806,3.9871794871794872,0.5991612903225807,1.4
462.0,19.0,130.08333333333334,6.818965517241379,0.9324489795918367,1.9038461538461537
463.0,19.0,9.411764705882353,5.136,0.8206470588235294,1.3636363636363635
464.0,19.0,30.162790697674417,5.567032967032968,0.8506805555555556,1.835164835164835
465.0,19.0,21.88888888888889,5.673809523809524,0.9243823529411764,1.6585365853658536
466.0,19.0,27.045454545454547,5.223529411764706,0.855642857142857,1.28125
467.0,19.0,3.2916666666666665,4.257575757575758,0.6536363636363637,1.303030303030303
468.0,19.0,29.606060606060606,5.862500000000001,0.8429142857142857,1.5473684210526315
469.0,19.0,12.916666666666666,4.545454545454546,0.7495769230769231,1.7272727272727273
470.0,19.0,4.714285714285714,5.242857142857143,0.787076923076923,1.3888888888888888
471.0,19.0,125.46875,7.273684210526316,0.9366346153846153,1.775
472.0,19.0,19.757575757575758,6.135802469135802,0.8703972602739726,1.5555555555555556
473.0,19.0,15.76923076923077,4.55,0.73628,1.5
474.0,19.0,16.181818181818183,5.804545454545455,0.8832142857142857,2.0526315789473686
475.0,19.0,4.766666666666667,4.746,0.7938085106382978,1.6111111111111112
476.0,19.0,8.564102564102564,4.786567164179104,0.8597142857142857,1.5571428571428572
477.0,18.0,122.25,6.9086614173228345,0.9487070707070707,1.9532710280373833
478.0,18.0,2.787878787878788,4.524390243902439,0.7880499999999999,1.2105263157894737
479.0,18.0,15.833333333333334,5.4543478260869565,0.8606451612903225,1.6097560975609757
480.0,18.0,28.0,6.132307692307693,0.8100923076923077,1.7794117647058822
481.0,18.0,43.0,6.5647887323943666,0.8895072463768116,1.6875
482.0,18.0,285.6136363636364,6.848529411764706,0.9744891304347825,1.9579831932773109
483.0,18.0,35.391304347826086,6.3543859649122805,0.8294807692307693,1.746031746031746
484.0,18.0,13.88888888888889,4.472727272727273,0.86125,1.8
485.0,18.0,64.4375,6.104545454545454,0.8793846153846153,1.44
486.0,18.0,48.13636363636363,5.631818181818182,0.9066744186046513,1.6730769230769231
487.0,18.0,142.27272727272728,7.570338983050847,0.9338979591836736,1.5727272727272728
488.0,18.0,115.97435897435898,6.948760330578512,0.9320729166666667,1.8512396694214877
489.0,18.0,342.6969696969697,7.712666666666667,0.943059829059829,1.6058394160583942
490.0,18.0,10.961538461538462,4.566666666666666,0.8271,1.6904761904761905
491.0,18.0,2.9,5.171428571428572,0.7902631578947369,1.375
492.0,18.0,48.13333333333333,6.147058823529412,0.8647999999999999,1.5
493.0,18.0,32.03703703703704,6.242647058823529,0.8222222222222222,1.7397260273972603
494.0,18.0,18.03448275862069,5.027659574468085,0.8123611111111111,1.7884615384615385
495.0,18.0,50.0,5.605970149253731,0.8687090909090909,1.5285714285714285
496.0,18.0,16.22222222222222,4.7749999999999995,0.8305263157894737,1.46875
497.0,18.0,9.424242424242424,4.627272727272727,0.7348399999999999,1.5405405405405406
498.0,18.0,99.80555555555556,7.032846715328467,0.9514851485148514,1.9557522123893805
499.0,18.0,245.2258064516129,7.3307692307692305,0.9303333333333332,1.631578947368421
500.0,18.0,2.0,4.5,0.4789999999999999,1.0
501.0,18.0,234.6086956521739,7.404347826086957,0.9713152173913044,1.7789473684210526
502.0,18.0,80.48780487804878,7.103571428571429,0.940060606060606,1.7768595041322315
503.0,18.0,34.36666666666667,5.080851063829788,0.8055813953488372,1.6101694915254237
504.0,18.0,17.86842105263158,6.0777777777777775,0.888671052631579,1.5104166666666667
505.0,18.0,41.36,6.1745762711864405,0.8592553191489362,1.5952380952380953
506.0,18.0,13.130434782608695,5.328947368421052,0.8347199999999999,1.3783783783783783
507.0,18.0,7.953488372093023,4.7375,0.741659090909091,1.8194444444444444
508.0,18.0,14.071428571428571,5.420833333333333,0.865,1.4615384615384615
509.0,18.0,28.384615384615383,6.1863636363636365,0.850276923076923,1.630952380952381
510.0,18.0,106.46428571428571,6.802479338842975,0.9517319587628865,1.8962264150943395
511.0,18.0,107.44827586206897,7.022222222222222,0.9505979381443299,1.9489795918367347
512.0,18.0,2.076923076923077,4.405263157894737,0.8076666666666666,1.4583333333333333
513.0,18.0,111.6875,7.033834586466165,0.9515742574257425,1.9732142857142858
514.0,18.0,12.4,3.4,0.7335,1.8333333333333333
515.0,18.0,43.851851851851855,6.636842105263158,0.8860327868852459,1.6923076923076923
516.0,18.0,225.38235294117646,6.9525,0.9350449438202246,1.7321428571428572
517.0,18.0,10.576923076923077,5.45909090909091,0.8530000000000001,1.346938775510204
518.0,18.0,68.0,5.725352112676056,0.8413787878787878,1.5822784810126582
519.0,18.0,1.5862068965517242,4.464864864864865,0.7383529411764705,1.2142857142857142
520.0,18.0,183.78947368421052,6.183606557377049,0.925968253968254,1.5694444444444444
521.0,18.0,21.34375,5.264705882352941,0.8414761904761905,1.4210526315789473
522.0,18.0,438.6363636363636,7.4775,0.9713333333333334,2.0
523.0,18.0,280.3,6.692241379310344,0.9479431818181818,2.018348623853211
524.0,18.0,91.101187134644,5.971342887985476,0.892,1.6468980055915559
525.0,18.0,86.90243902439025,7.135664335664336,0.9404803921568627,1.814516129032258
526.0,18.0,60.08108108108108,5.2119402985074625,0.836296875,1.6857142857142857
527.0,18.0,321.0,7.490839694656488,0.9373888888888889,1.525
528.0,18.0,13.657142857142857,5.272413793103448,0.8841111111111111,1.8235294117647058
529.0,18.0,122.0,7.620408163265306,0.9368229166666667,1.5192307692307692
530.0,18.0,194.66666666666666,6.843846153846155,0.9751382978723404,1.7706422018348624
531.0,18.0,7.619047619047619,4.625806451612903,0.9070499999999999,1.52
532.0,18.0,7.466666666666667,5.725925925925925,0.7566382978723404,1.6206896551724137
533.0,18.0,58.829268292682926,6.998412698412698,0.9264111111111111,1.625
534.0,18.0,226.1818181818182,7.142016806722689,0.9689418604651162,1.9387755102040816
535.0,18.0,43.59090909090909,6.7823529411764705,0.9092602739726028,1.65
536.0,18.0,2.9565217391304346,4.438888888888889,0.86995,1.3243243243243243
537.0,18.0,38.18181818181818,5.3225,0.8808799999999999,1.6153846153846154
538.0,18.0,17.823529411764707,4.745454545454546,0.9262222222222223,1.6
539.0,18.0,8.153846153846153,4.211111111111111,0.968,2.3
540.0,18.0,3.870967741935484,3.9853658536585366,0.77503125,1.4857142857142858
541.0,18.0,33.92857142857143,6.09,0.8979491525423728,1.6666666666666667
542.0,18.0,50.58620689655172,6.628947368421053,0.9247272727272726,1.6777777777777778
543.0,18.0,53.72222222222222,6.746428571428572,0.8514426229508197,1.5942028985507246
544.0,18.0,72.65,6.677941176470589,0.8744999999999999,1.6835443037974684
545.0,18.0,11.041666666666666,5.2749999999999995,0.8083939393939393,1.40625
546.0,18.0,30.0,6.032203389830508,0.9058723404255319,1.8125
547.0,18.0,120.07692307692308,7.572519083969466,0.939,1.606837606837607
548.0,18.0,7.758620689655173,5.044,0.8307027027027027,1.3958333333333333
549.0,18.0,357.62068965517244,7.197520661157025,0.9769130434782609,1.9375
550.0,18.0,17.242424242424242,5.503636363636363,0.8373191489361702,1.5925925925925926
551.0,18.0,31.51851851851852,6.3246153846153845,0.8411754385964912,1.6764705882352942
552.0,18.0,94.41176470588235,7.122580645161291,0.9399270833333334,1.790909090909091
553.0,18.0,83.64102564102564,6.451063829787234,0.8584250000000001,1.6857142857142857
554.0,18.0,55.333333333333336,6.6000000000000005,0.888235294117647,1.5454545454545454
555.0,18.0,4.366666666666666,4.917948717948718,0.7772941176470588,1.3953488372093024
556.0,18.0,141.40740740740742,7.527611940298508,0.937196261682243,1.5691056910569106
557.0,17.0,2.740740740740741,5.1454545454545455,0.7976885245901639,1.9
558.0,17.0,11.904761904761905,5.348571428571428,0.7294571428571428,1.525
559.0,17.0,1.9166666666666667,4.457142857142857,0.6994117647058824,1.7222222222222223
560.0,17.0,60.526315789473685,5.185294117647059,0.7915,1.7297297297297298
561.0,17.0,26.5,4.92,0.7995714285714286,1.5357142857142858
562.0,17.0,14.25,5.121428571428572,0.7567,1.2
563.0,17.0,3.0,4.957142857142857,0.5667272727272727,1.3333333333333333
564.0,17.0,10.583333333333334,4.983333333333333,0.7132857142857143,1.3478260869565217
565.0,17.0,85.80555555555556,7.3,0.94048,1.6837606837606838
566.0,17.0,9.789473684210526,4.242105263157895,0.8308958333333334,1.6470588235294117
567.0,17.0,11.64516129032258,4.4795454545454545,0.7385937499999999,1.5128205128205128
568.0,17.0,433.0285714285714,7.373600000000001,0.9713222222222222,2.0485436893203883
569.0,17.0,27.869565217391305,5.836842105263158,0.8306111111111112,1.8135593220338984
570.0,17.0,83.55555555555556,7.163358778625954,0.938639175257732,1.735042735042735
571.0,17.0,301.27027027027026,7.01796875,0.9759120879120878,2.0254237288135593
572.0,17.0,47.52,6.25,0.781015625,1.5657894736842106
573.0,17.0,10.35,5.130303030303031,0.7199032258064516,1.3823529411764706
574.0,17.0,122.29166666666667,7.731111111111112,0.9371081081081082,1.5609756097560976
575.0,17.0,36.827586206896555,5.501724137931035,0.8651224489795918,1.6607142857142858
576.0,17.0,46.0,5.807142857142857,0.8372985074626865,1.4533333333333334
577.0,17.0,2.0833333333333335,5.114814814814815,0.8194444444444444,1.1904761904761905
578.0,17.0,2.2222222222222223,4.7846153846153845,0.6329473684210526,1.6875
579.0,17.0,28.875,5.388524590163934,0.8866808510638298,1.6481481481481481
580.0,17.0,317.6,7.197014925373134,0.9357777777777777,1.6446280991735538
581.0,17.0,11.4375,5.106,0.781925,1.2765957446808511
582.0,17.0,2.25,3.0,0.72375,1.75
583.0,17.0,9.9,5.104166666666667,0.881764705882353,1.5416666666666667
584.0,17.0,141.1764705882353,5.8604651162790695,0.9168181818181818,1.5294117647058822
585.0,17.0,294.93548387096774,7.15609756097561,0.9423510638297873,1.956140350877193
586.0,17.0,15.142857142857142,5.759016393442623,0.8618095238095238,1.5625
587.0,17.0,53.03125,6.411688311688311,0.8382702702702702,1.7
588.0,16.0,14.857142857142858,5.074,0.8101395348837209,1.6
589.0,16.0,57.666666666666664,7.026136363636363,0.9041411764705882,1.59
590.0,16.0,58.121212121212125,6.425,0.8340389610389611,1.690721649484536
591.0,16.0,23.40909090909091,5.333333333333333,0.8416969696969697,1.6
592.0,16.0,13.84,5.817777777777778,0.8987619047619047,1.5961538461538463
593.0,16.0,5.909090909090909,5.076923076923077,0.7950277777777778,1.7777777777777777
594.0,16.0,34.55882352941177,5.998701298701298,0.8306164383561644,1.6746987951807228
595.0,16.0,4.25,5.422222222222222,0.7476060606060606,1.2
596.0,16.0,28.82758620689655,6.2671875,0.84105,1.6486486486486487
597.0,16.0,249.26666666666668,7.19375,0.958204081632653,2.0267857142857144
598.0,16.0,373.9375,7.708666666666667,0.9454406779661017,1.618705035971223
599.0,16.0,142.46428571428572,7.542857142857144,0.9385619047619048,1.7142857142857142
600.0,16.0,48.97142857142857,6.281707317073171,0.8870958904109588,1.6451612903225807
601.0,16.0,60.888888888888886,6.087272727272728,0.8627142857142857,1.8805970149253732
602.0,16.0,34.51851851851852,6.41774193548387,0.910433962264151,1.6774193548387097
603.0,16.0,10.074074074074074,4.5375,0.6132727272727273,1.5161290322580645
604.0,16.0,14.818181818181818,5.679245283018868,0.7804473684210527,1.5897435897435896
605.0,16.0,3.5,4.425,0.8504705882352941,1.2777777777777777
606.0,16.0,182.83870967741936,6.823711340206185,0.923590909090909,1.853211009174312
607.0,16.0,11.466666666666667,4.9799999999999995,0.7561568627450981,1.368421052631579
608.0,15.0,1.25,5.183333333333334,0.781125,1.0
609.0,15.0,254.9189189189189,7.010687022900763,0.9688936170212765,1.8739495798319328
610.0,15.0,27.083333333333332,6.101960784313725,0.8063962264150943,1.5735294117647058
611.0,15.0,47.28,6.884146341463414,0.8930714285714286,1.6987951807228916
612.0,15.0,45.166666666666664,6.759420289855072,0.9120526315789474,1.6785714285714286
613.0,15.0,3.5,5.9375,0.6784444444444444,1.1
614.0,15.0,14.068181818181818,4.523214285714286,0.6907096774193549,1.7457627118644068
615.0,15.0,189.6451612903226,7.618115942028985,0.9437757009345794,1.744186046511628
616.0,15.0,2.3333333333333335,4.427272727272728,0.8637600000000001,1.2962962962962963
617.0,15.0,8.862068965517242,5.628333333333333,0.7977368421052632,1.8285714285714285
618.0,15.0,10.580645161290322,4.1475,0.7561875,1.8928571428571428
619.0,15.0,114.10810810810811,6.609278350515464,0.8799259259259259,1.7222222222222223
620.0,15.0,1.0,5.0,0.5991666666666666,1.0
621.0,15.0,7.161290322580645,4.514893617021277,0.9018571428571429,1.4313725490196079
622.0,15.0,13.423076923076923,5.6037037037037045,0.7618571428571429,1.8484848484848484
623.0,15.0,272.51612903225805,7.002608695652174,0.9689404761904761,1.7766990291262137
624.0,15.0,11.3,4.846153846153846,0.7486153846153846,1.53125
625.0,15.0,332.4736842105263,7.0192,0.954516129032258,2.0642201834862384
626.0,15.0,5.470588235294118,5.0777777777777775,0.7914516129032259,1.2647058823529411
627.0,15.0,243.68571428571428,6.9295081967213115,0.9651149425287356,1.8240740740740742
628.0,15.0,1.75,4.15,0.8115,1.1428571428571428
629.0,15.0,24.52,5.017948717948718,0.8708333333333333,1.3571428571428572
630.0,15.0,6.7,5.6,0.8076363636363637,1.3478260869565217
631.0,15.0,165.34615384615384,7.688489208633094,0.9378407079646017,1.5772357723577235
632.0,15.0,133.44117647058823,6.732222222222222,0.9201975308641975,1.9541284403669725
633.0,15.0,80.04347826086956,6.881927710843374,0.9251022727272726,1.945054945054945
634.0,15.0,14.285714285714286,5.3446808510638295,0.876390243902439,1.5254237288135593
635.0,15.0,13.162162162162161,4.950819672131147,0.8532439024390244,1.6037735849056605
636.0,15.0,34.333333333333336,5.271428571428571,0.8903235294117647,1.6071428571428572
637.0,15.0,32.5,5.890140845070422,0.8715076923076922,1.5897435897435896
638.0,15.0,9.192307692307692,5.081818181818182,0.779054054054054,1.6756756756756757
639.0,15.0,5.3428571428571425,4.71304347826087,0.7183333333333334,1.6511627906976745
640.0,15.0,161.52380952380952,7.370588235294117,0.8800531914893617,1.7307692307692308
641.0,15.0,8.6,5.072,0.7857317073170732,1.6274509803921569
642.0,15.0,23.65,5.976923076923077,0.7532222222222221,1.6734693877551021
643.0,15.0,59.61764705882353,6.3999999999999995,0.8576388888888888,1.6881720430107527
644.0,15.0,103.27586206896552,7.354263565891473,0.9387961165048544,1.8909090909090909
645.0,15.0,83.6875,7.215748031496063,0.93932,1.7142857142857142
646.0,15.0,329.4736842105263,7.269172932330828,0.9600526315789474,2.121739130434783
647.0,15.0,115.6,5.822727272727273,0.872621212121212,1.654320987654321
648.0,15.0,29.486486486486488,6.1160919540229886,0.864506329113924,1.5816326530612246
649.0,15.0,309.17391304347825,7.827205882352941,0.9390442477876105,1.5483870967741935
650.0,15.0,22.956521739130434,5.407500000000001,0.8685636363636364,1.3387096774193548
651.0,15.0,30.37037037037037,5.901960784313726,0.8662325581395348,1.6833333333333333
652.0,15.0,143.3793103448276,7.455882352941177,0.9364018691588786,1.6031746031746033
653.0,15.0,186.05555555555554,6.630107526881721,0.9020256410256411,1.9509803921568627
654.0,15.0,54.52173913043478,5.9557692307692305,0.8278928571428572,1.8285714285714285
655.0,15.0,10.764705882352942,4.908888888888889,0.70085,1.3333333333333333
656.0,15.0,11.258064516129032,5.052173913043478,0.7333584905660377,1.4363636363636363
657.0,15.0,28.514285714285716,5.6786885245901635,0.8097307692307693,1.5810810810810811
658.0,15.0,26.428571428571427,4.938888888888889,0.7252195121951219,1.5348837209302326
659.0,15.0,51.68421052631579,5.776923076923077,0.8026136363636364,1.6326530612244898
660.0,15.0,29.34375,5.859677419354839,0.7831509433962264,1.7361111111111112
661.0,15.0,38.111111111111114,6.673214285714286,0.7745081967213114,1.588235294117647
662.0,15.0,332.65714285714284,7.1157480314960635,0.9538260869565217,2.185185185185185
663.0,15.0,7.130434782608695,3.9791666666666665,0.6262608695652174,1.5925925925925926
664.0,15.0,6.6923076923076925,5.4475,0.7423076923076923,1.574468085106383
665.0,15.0,351.8285714285714,7.573509933774834,0.9442844827586208,1.6204379562043796
666.0,15.0,72.23809523809524,5.92,0.7665348837209301,1.9821428571428572
667.0,15.0,8.941176470588236,4.958333333333333,0.7454444444444444,1.3488372093023255
668.0,15.0,3.870967741935484,4.005128205128205,0.6589999999999999,1.5769230769230769
669.0,15.0,2.4285714285714284,4.257142857142857,0.7164,1.368421052631579
670.0,15.0,211.25806451612902,7.091666666666667,0.9673932584269663,1.95
671.0,15.0,8.068965517241379,4.12,0.5616,1.65
672.0,15.0,59.758620689655174,7.068,0.8731411764705882,1.6534653465346534
673.0,15.0,9.0,4.97027027027027,0.6942413793103448,1.4848484848484849
674.0,15.0,3.5454545454545454,4.7125,0.65656,1.35
675.0,15.0,3.769230769230769,4.680000000000001,0.7458823529411764,1.3571428571428572
676.0,15.0,15.23076923076923,4.727777777777778,0.8073125,1.4576271186440677
677.0,15.0,35.76,5.79074074074074,0.8755396825396825,1.4657534246575343
678.0,15.0,3.962962962962963,3.9057142857142852,0.6680357142857142,1.6333333333333333
679.0,15.0,257.9310344827586,6.834905660377358,0.9556111111111111,1.8108108108108107
680.0,15.0,12.25,4.633333333333334,0.9179999999999999,1.8333333333333333
681.0,15.0,32.9,5.403333333333333,0.7938604651162792,1.471698113207547
682.0,15.0,25.208333333333332,5.310526315789474,0.85655,1.5
683.0,15.0,204.11111111111111,7.28728813559322,0.9666153846153847,1.9411764705882353
684.0,15.0,2.3333333333333335,4.6000000000000005,0.8730370370370371,1.2962962962962963
685.0,15.0,14.466666666666667,5.196000000000001,0.9177058823529411,1.4545454545454546
686.0,14.0,43.6,5.8,0.8609444444444444,1.5365853658536586
687.0,14.0,68.61764705882354,5.8375,0.8446451612903226,1.670731707317073
688.0,14.0,96.41176470588235,6.939344262295082,0.8967031249999999,1.536231884057971
689.0,14.0,11.875,5.323255813953488,0.8614411764705883,1.5208333333333333
690.0,14.0,4.260869565217392,4.018518518518518,0.8405384615384615,1.65
691.0,14.0,27.529411764705884,5.515,0.8129807692307692,1.6027397260273972
692.0,14.0,6.242424242424242,4.372,0.7213409090909091,1.2666666666666666
693.0,14.0,49.68571428571428,6.416867469879518,0.8852428571428571,1.711111111111111
694.0,14.0,20.285714285714285,6.021428571428571,0.8375,1.2962962962962963
695.0,14.0,10.89655172413793,5.212765957446808,0.8620294117647059,1.530612244897959
696.0,14.0,170.0,7.7139860139860135,0.9405701754385964,1.6940298507462686
697.0,14.0,4.869565217391305,4.048,0.648421052631579,1.4
698.0,14.0,13.470588235294118,5.223214285714286,0.8438541666666667,1.6805555555555556
699.0,14.0,1.3333333333333333,5.04,0.6064666666666666,1.3636363636363635
700.0,14.0,46.970588235294116,5.55,0.8037021276595745,1.6666666666666667
701.0,14.0,32.0,6.028070175438597,0.8383275862068965,1.6285714285714286
702.0,14.0,7.0,4.375,0.7896666666666666,1.5
703.0,14.0,3.5714285714285716,5.37,0.5221428571428571,2.6666666666666665
704.0,14.0,2.736842105263158,3.9166666666666665,0.868576923076923,1.12
705.0,14.0,27.033333333333335,6.060344827586207,0.8375833333333333,1.6349206349206349
706.0,14.0,35.32258064516129,5.845762711864406,0.8446181818181818,1.5555555555555556
707.0,14.0,34.592592592592595,6.510294117647058,0.905390625,1.6933333333333334
708.0,14.0,2.9166666666666665,5.444,0.8376842105263158,1.4473684210526316
709.0,14.0,168.6206896551724,7.6716312056737594,0.9414107142857143,1.6666666666666667
710.0,14.0,345.95652173913044,7.203883495145631,0.9335934065934065,1.7475728155339805
711.0,14.0,17.102564102564102,5.978571428571429,0.8885277777777777,1.4838709677419355
712.0,14.0,57.18518518518518,6.535135135135135,0.9266000000000001,1.7159090909090908
713.0,14.0,49.96296296296296,6.406756756756757,0.8696666666666666,1.71875
714.0,14.0,7.785714285714286,5.683333333333333,0.7626530612244897,1.639344262295082
715.0,14.0,6.666666666666667,5.53888888888889,0.7611777777777777,1.631578947368421
716.0,14.0,28.36842105263158,5.709090909090909,0.8703720930232559,1.471698113207547
717.0,14.0,14.217391304347826,5.428205128205128,0.831,1.3333333333333333
718.0,14.0,66.5,5.488095238095238,0.8336153846153846,1.76
719.0,14.0,5.0,4.958333333333333,0.7852826086956521,1.5789473684210527
720.0,14.0,64.66666666666667,5.141666666666667,0.8206,1.872340425531915
721.0,14.0,3.4285714285714284,3.5,0.9076000000000001,2.3333333333333335
722.0,14.0,11.173913043478262,5.544444444444444,0.8532702702702702,1.3725490196078431
723.0,14.0,7.457142857142857,5.248387096774193,0.811468085106383,1.5272727272727273
724.0,14.0,188.0,7.100763358778626,0.95881,1.9732142857142858
725.0,14.0,550.9090909090909,7.549315068493151,0.9486194690265487,1.683453237410072
726.0,14.0,385.3636363636364,7.586301369863013,0.9458318584070797,1.6978417266187051
727.0,14.0,8.444444444444445,4.913333333333333,0.7974285714285714,1.3870967741935485
728.0,14.0,292.56410256410254,6.837593984962406,0.9696458333333333,1.7936507936507937
729.0,14.0,45.25,5.4,0.8362894736842105,1.631578947368421
730.0,14.0,11.153846153846153,5.085,0.8282142857142857,1.7636363636363637
731.0,14.0,8.966666666666667,5.40377358490566,0.8478648648648648,1.4444444444444444
732.0,14.0,97.21212121212122,7.336956521739131,0.9406000000000001,1.7777777777777777
733.0,14.0,139.68421052631578,6.946875,0.8633611111111111,1.948051948051948
734.0,14.0,14.518518518518519,5.485416666666667,0.8593962264150944,1.4705882352941178
735.0,14.0,13.380952380952381,4.823333333333333,0.9301052631578948,1.565217391304348
736.0,14.0,63.65217391304348,6.003846153846154,0.8052758620689656,1.546875
737.0,14.0,43.76923076923077,6.873563218390805,0.8622716049382715,1.631578947368421
738.0,14.0,6.666666666666667,5.629166666666666,0.6632399999999999,1.5806451612903225
739.0,14.0,149.28571428571428,7.432539682539683,0.9381326530612245,1.7413793103448276
740.0,14.0,10.6,3.9,0.7115,1.7777777777777777
741.0,14.0,9.451612903225806,5.075609756097561,0.8158695652173913,1.9722222222222223
742.0,14.0,177.1,7.333076923076923,0.9300980392156863,1.75
743.0,14.0,20.225806451612904,5.47719298245614,0.7885,1.640625
744.0,14.0,127.3529411764706,7.225384615384615,0.93108,1.8
745.0,14.0,4.620689655172414,4.38,0.7706818181818182,1.4285714285714286
746.0,13.0,266.13793103448273,7.392028985507246,0.9361926605504587,1.5564516129032258
747.0,13.0,2.5483870967741935,4.4186046511627906,0.7412222222222221,1.2857142857142858
748.0,13.0,14.92,5.55,0.8276285714285714,1.375
749.0,13.0,6.8076923076923075,4.9,0.7023333333333334,1.6730769230769231
750.0,13.0,4.0,5.0,0.939,1.6253851898044651
751.0,13.0,269.42857142857144,7.1421052631578945,0.9672637362637363,2.0545454545454547
752.0,13.0,2.2857142857142856,3.2142857142857144,0.8779999999999999,1.2
753.0,13.0,13.5,5.279487179487179,0.8121489361702128,1.5172413793103448
754.0,13.0,4.833333333333333,4.4818181818181815,0.8193846153846155,1.3076923076923077
755.0,13.0,9.55,4.661111111111111,0.9386666666666666,1.3928571428571428
756.0,13.0,14.484848484848484,5.850847457627118,0.868,1.6071428571428572
757.0,13.0,9.566666666666666,4.890196078431373,0.8514222222222222,1.4516129032258065
758.0,13.0,11.325,4.688679245283019,0.7591875,1.4285714285714286
759.0,13.0,67.30434782608695,5.876086956521739,0.7729215686274509,1.935483870967742
760.0,13.0,13.733333333333333,4.822448979591837,0.8100444444444445,1.509090909090909
761.0,13.0,7.970588235294118,5.074545454545455,0.8387105263157895,1.38
762.0,13.0,33.303030303030305,5.143103448275863,0.7596415094339624,1.605263157894737
763.0,13.0,337.0625,7.550340136054422,0.9433565217391304,1.674074074074074
764.0,13.0,5.217391304347826,4.506896551724138,0.6131818181818182,1.5
765.0,13.0,21.59259259259259,5.454,0.7798780487804878,1.4545454545454546
766.0,13.0,5.909090909090909,4.0249999999999995,0.6064615384615385,1.75
767.0,13.0,9.035714285714286,5.1521739130434785,0.8446923076923076,1.5
768.0,13.0,3.4705882352941178,4.3076923076923075,0.7176896551724138,1.5
769.0,13.0,29.441176470588236,4.927659574468085,0.820030303030303,1.4285714285714286
770.0,13.0,371.4117647058824,7.538194444444445,0.9485636363636364,1.6956521739130435
771.0,13.0,9.0,2.5,0.9336666666666668,2.0
772.0,12.0,6.7272727272727275,4.366666666666666,0.5963809523809525,1.5
773.0,12.0,32.59090909090909,6.648148148148148,0.8756229508196721,1.4142857142857144
774.0,12.0,8.823529411764707,4.18,0.6341666666666667,1.5384615384615385
775.0,12.0,58.0,6.518055555555556,0.8490694444444444,1.5632183908045978
776.0,12.0,61.74193548387097,6.032258064516129,0.859,1.9620253164556962
777.0,12.0,25.541666666666668,5.869230769230769,0.7409411764705882,1.631578947368421
778.0,12.0,63.0,6.531034482758621,0.8717727272727273,1.7837837837837838
779.0,12.0,2.0625,3.433333333333333,0.6965714285714285,1.2105263157894737
780.0,12.0,125.56666666666666,7.343846153846155,0.9386470588235295,1.823008849557522
781.0,12.0,52.3125,6.2,0.9377540983606557,1.9875
782.0,11.0,11.13888888888889,4.530508474576272,0.816625,1.75
783.0,11.0,157.46875,7.276923076923077,0.9674489795918367,1.9454545454545455
784.0,11.0,7.512820512820513,4.436842105263158,0.7576111111111111,1.703125
785.0,11.0,1.0,5.0,0.6633333333333332,1.0
786.0,11.0,373.93548387096774,7.788,0.9425126050420168,1.5766423357664234
787.0,11.0,64.94285714285714,5.295454545454546,0.8509107142857142,1.703125
788.0,11.0,13.928571428571429,5.057142857142857,0.7834210526315789,1.3953488372093024
789.0,11.0,29.285714285714285,6.093650793650793,0.8087118644067797,1.6666666666666667
790.0,11.0,4.153846153846154,3.814285714285714,0.837923076923077,1.5625
791.0,10.0,435.76666666666665,7.215199999999999,0.9589791666666666,1.9017857142857142
792.0,10.0,140.4516129032258,7.296969696969697,0.9372135922330097,1.8429752066115703
793.0,10.0,212.63333333333333,7.134399999999999,0.9620210526315789,2.018348623853211
794.0,9.0,36.93333333333333,6.2216867469879515,0.8740384615384615,1.6511627906976745
795.0,9.0,51.40625,5.579032258064516,0.8585,1.5633802816901408
796.0,5.0,8.607142857142858,4.571428571428571,0.8292058823529412,1.7692307692307692
